<keymap version="1" name="Visual Studio 2022 (Migrated)" parent="Visual Studio 2022">
  <action id="AceAction" />
  <action id="AceLineAction" />
  <action id="AceTargetAction" />
  <action id="AceWordAction">
    <keyboard-shortcut first-keystroke="ctrl o" />
  </action>
  <action id="ActivateBookmarksToolWindow">
    <keyboard-shortcut first-keystroke="alt 2" />
  </action>
  <action id="ActivateBuildToolWindow">
    <keyboard-shortcut first-keystroke="alt 0" />
    <keyboard-shortcut first-keystroke="alt back_quote" />
  </action>
  <action id="ActivateCommitToolWindow" />
  <action id="ActivateDebugToolWindow">
    <keyboard-shortcut first-keystroke="alt 5" />
    <keyboard-shortcut first-keystroke="ctrl alt v" second-keystroke="l" />
  </action>
  <action id="ActivateProjectToolWindow">
    <keyboard-shortcut first-keystroke="ctrl alt l" />
  </action>
  <action id="ActivateTerminalToolWindow" />
  <action id="ActivateUnitTestsToolWindow">
    <keyboard-shortcut first-keystroke="alt 8" />
    <keyboard-shortcut first-keystroke="shift alt 8" />
  </action>
  <action id="ActivateVersionControlToolWindow">
    <keyboard-shortcut first-keystroke="alt 9" />
  </action>
  <action id="AssemblyDiffAction" />
  <action id="Back">
    <keyboard-shortcut first-keystroke="ctrl minus" />
    <keyboard-shortcut first-keystroke="ctrl subtract" />
    <mouse-shortcut keystroke="button4" />
    <keyboard-shortcut first-keystroke="shift ctrl d" />
    <keyboard-shortcut first-keystroke="ctrl d" />
  </action>
  <action id="CIDR.Debugger.ShowInMemoryView" />
  <action id="CallHierarchy" />
  <action id="ChangeSignature" />
  <action id="ChangesView.Rename" />
  <action id="ChangesView.SetDefault" />
  <action id="CodeCleanup" />
  <action id="CodeCompletion">
    <keyboard-shortcut first-keystroke="alt right" />
  </action>
  <action id="CollapsiblePanel-toggle" />
  <action id="CommentByLineComment">
    <keyboard-shortcut first-keystroke="ctrl alt slash" />
    <keyboard-shortcut first-keystroke="ctrl alt divide" />
    <keyboard-shortcut first-keystroke="ctrl 4" />
  </action>
  <action id="CompareTwoFiles" />
  <action id="Console.Execute.Multiline" />
  <action id="Console.TableResult.CloneRow" />
  <action id="Console.TableResult.ColumnVisibility" />
  <action id="Console.TableResult.OpenLocalFileAction" />
  <action id="Console.TableResult.OpenWebUrlAction" />
  <action id="DatabaseView.Ddl.AlterObject" />
  <action id="DatabaseView.OpenFamilyAction" />
  <action id="Diff.ShowDiff" />
  <action id="DirDiffMenu.SynchronizeDiff.All" />
  <action id="DuplicatesForm.SendToLeft" />
  <action id="EditSource" />
  <action id="EditorContextInfo" />
  <action id="EditorDeleteLine">
    <keyboard-shortcut first-keystroke="shift ctrl l" />
  </action>
  <action id="EditorDown">
    <keyboard-shortcut first-keystroke="down" />
    <keyboard-shortcut first-keystroke="alt k" />
  </action>
  <action id="EditorDuplicate" />
  <action id="EditorSelectWord">
    <keyboard-shortcut first-keystroke="shift alt equals" />
    <keyboard-shortcut first-keystroke="ctrl alt right" />
    <keyboard-shortcut first-keystroke="ctrl numpad8" />
    <keyboard-shortcut first-keystroke="ctrl space" />
    <keyboard-shortcut first-keystroke="ctrl 0" />
    <keyboard-shortcut first-keystroke="ctrl h" />
  </action>
  <action id="EditorStartNewLineBefore" />
  <action id="EditorToggleShowWhitespaces" />
  <action id="EditorToggleUseSoftWraps" />
  <action id="EditorUp">
    <keyboard-shortcut first-keystroke="up" />
    <keyboard-shortcut first-keystroke="alt i" />
  </action>
  <action id="ExternalSystem.OpenConfig" />
  <action id="ExtractInterface" />
  <action id="ExtractMethod" />
  <action id="FileChooser.GotoDesktop" />
  <action id="FileChooser.GotoHome" />
  <action id="FileStructurePopup">
    <keyboard-shortcut first-keystroke="alt back_slash" />
    <keyboard-shortcut first-keystroke="alt q" />
  </action>
  <action id="Find">
    <keyboard-shortcut first-keystroke="ctrl f" />
    <keyboard-shortcut first-keystroke="alt f3" />
    <keyboard-shortcut first-keystroke="ctrl 2" />
  </action>
  <action id="FindInPath">
    <keyboard-shortcut first-keystroke="shift ctrl f" />
    <keyboard-shortcut first-keystroke="shift ctrl 1" />
    <keyboard-shortcut first-keystroke="alt d" />
  </action>
  <action id="FindNext">
    <keyboard-shortcut first-keystroke="shift ctrl down" />
    <keyboard-shortcut first-keystroke="shift alt slash" />
    <keyboard-shortcut first-keystroke="f2" />
  </action>
  <action id="FindPrevious">
    <keyboard-shortcut first-keystroke="shift f3" />
    <keyboard-shortcut first-keystroke="shift ctrl up" />
    <keyboard-shortcut first-keystroke="f1" />
  </action>
  <action id="FindUsages">
    <keyboard-shortcut first-keystroke="shift f12" />
    <keyboard-shortcut first-keystroke="alt r" />
  </action>
  <action id="FindWordAtCaret">
    <keyboard-shortcut first-keystroke="ctrl f3" />
    <keyboard-shortcut first-keystroke="ctrl f2" />
  </action>
  <action id="Forward">
    <keyboard-shortcut first-keystroke="shift ctrl minus" />
    <keyboard-shortcut first-keystroke="shift ctrl subtract" />
    <mouse-shortcut keystroke="button5" />
    <keyboard-shortcut first-keystroke="shift ctrl e" />
    <keyboard-shortcut first-keystroke="ctrl e" />
  </action>
  <action id="Generate">
    <keyboard-shortcut first-keystroke="alt insert" />
    <keyboard-shortcut first-keystroke="ctrl numpad9" />
  </action>
  <action id="Git.Rename.Local.Branch" />
  <action id="Git.Reword.Commit" />
  <action id="GoToControllerOrView">
    <keyboard-shortcut first-keystroke="alt o" />
    <keyboard-shortcut first-keystroke="f3" />
  </action>
  <action id="GotoAction" />
  <action id="GotoBookmark1" />
  <action id="GotoBookmark4" />
  <action id="GotoDeclaration">
    <keyboard-shortcut first-keystroke="f12" />
    <mouse-shortcut keystroke="control button1" />
    <mouse-shortcut keystroke="button2" />
    <keyboard-shortcut first-keystroke="ctrl w" />
  </action>
  <action id="GotoFile">
    <keyboard-shortcut first-keystroke="shift ctrl t" />
    <keyboard-shortcut first-keystroke="ctrl q" />
  </action>
  <action id="GotoNextBookmark">
    <keyboard-shortcut first-keystroke="f7" />
  </action>
  <action id="GotoPreviousBookmark">
    <keyboard-shortcut first-keystroke="ctrl f7" />
  </action>
  <action id="GotoSymbol">
    <keyboard-shortcut first-keystroke="shift ctrl alt t" />
    <keyboard-shortcut first-keystroke="ctrl r" />
  </action>
  <action id="HelpTopics" />
  <action id="IncrementalSearch" />
  <action id="InsertLiveTemplate" />
  <action id="IntroduceField" />
  <action id="IntroduceParameter" />
  <action id="Jdbc.OpenEditor.Data" />
  <action id="MultiHighlight">
    <keyboard-shortcut first-keystroke="ctrl quote" />
    <keyboard-shortcut first-keystroke="ctrl 1" />
  </action>
  <action id="MultiHighlight.ClearAction">
    <keyboard-shortcut first-keystroke="ctrl f1" />
  </action>
  <action id="OpenBookmarkGroup" />
  <action id="OpenFile" />
  <action id="OptimizeImports" />
  <action id="ProjectViewEditSource" />
  <action id="QuickJavaDoc">
    <keyboard-shortcut first-keystroke="shift ctrl f1" />
  </action>
  <action id="QuickPreview" />
  <action id="ReSharperNavigateTo">
    <keyboard-shortcut first-keystroke="alt dead_grave" />
    <keyboard-shortcut first-keystroke="ctrl enter" />
  </action>
  <action id="RecentFiles">
    <keyboard-shortcut first-keystroke="f4" />
    <keyboard-shortcut first-keystroke="alt 1" />
  </action>
  <action id="ReformatCode">
    <keyboard-shortcut first-keystroke="ctrl alt enter" />
    <keyboard-shortcut first-keystroke="shift ctrl 2" />
  </action>
  <action id="RemoteHostView.EditSource" />
  <action id="RenameElement">
    <keyboard-shortcut first-keystroke="f2" />
  </action>
  <action id="Replace" />
  <action id="RiderBackendAction-EncapsulateField" />
  <action id="RiderCoveringTestsPopupCoverAllTestsAction" />
  <action id="RiderCoveringTestsPopupDebugSelectedTestsAction" />
  <action id="RiderCoveringTestsPopupRunAllTestsAction" />
  <action id="RiderNuGetToggleDependenciesExpanderAction" />
  <action id="RiderNuGetToggleInfoExpanderAction" />
  <action id="RiderTypeHierarchy.BaseOnThisType" />
  <action id="RiderUnitTestDebugContextTwAction" />
  <action id="RiderUnitTestRepeatPreviousRunAction">
    <keyboard-shortcut first-keystroke="ctrl u" second-keystroke="u" />
    <keyboard-shortcut first-keystroke="ctrl u" second-keystroke="ctrl u" />
  </action>
  <action id="RiderUnitTestRunContextSplitAction" />
  <action id="RiderUnitTestRunContextTwAction">
    <keyboard-shortcut first-keystroke="shift enter" />
  </action>
  <action id="RiderUnitTestRunSolutionAction">
    <keyboard-shortcut first-keystroke="ctrl u" second-keystroke="l" />
    <keyboard-shortcut first-keystroke="ctrl u" second-keystroke="ctrl l" />
  </action>
  <action id="RiderUnitTestRunSolutionTwAction" />
  <action id="RunDashboard.CopyConfiguration" />
  <action id="SafeDelete">
    <keyboard-shortcut first-keystroke="alt delete" />
  </action>
  <action id="SendEOF" />
  <action id="ShelvedChanges.Rename" />
  <action id="ShowNavBar" />
  <action id="SilentCodeCleanup" />
  <action id="SmartSelect">
    <keyboard-shortcut first-keystroke="shift alt equals" />
    <keyboard-shortcut first-keystroke="ctrl alt right" />
    <keyboard-shortcut first-keystroke="ctrl numpad8" />
  </action>
  <action id="SplitChooser.Duplicate" />
  <action id="SplitChooser.SplitCenter" />
  <action id="Sql.EditParameter" />
  <action id="SurroundWithLiveTemplate" />
  <action id="SwitchHeaderSource">
    <keyboard-shortcut first-keystroke="alt o" />
    <keyboard-shortcut first-keystroke="f3" />
  </action>
  <action id="SwitcherIterateItems" />
  <action id="SwitcherRecentEditedChangedToggleCheckBox" />
  <action id="TableResult.GrowSelection">
    <keyboard-shortcut first-keystroke="shift alt equals" />
    <keyboard-shortcut first-keystroke="ctrl alt right" />
    <keyboard-shortcut first-keystroke="ctrl numpad8" />
  </action>
  <action id="TableResult.SelectColumn">
    <keyboard-shortcut first-keystroke="shift alt equals" />
    <keyboard-shortcut first-keystroke="ctrl alt right" />
    <keyboard-shortcut first-keystroke="ctrl numpad8" />
  </action>
  <action id="Terminal.ClearBuffer" />
  <action id="Terminal.CloseSession" />
  <action id="Terminal.DeletePreviousWord" />
  <action id="Terminal.SearchInCommandHistory" />
  <action id="Terminal.SmartCommandExecution.Run" />
  <action id="ToggleBookmark">
    <keyboard-shortcut first-keystroke="f6" />
  </action>
  <action id="ToggleBookmark2" />
  <action id="ToggleRenderedDocPresentation" />
  <action id="TypeHierarchy" />
  <action id="TypeHierarchyBase.BaseOnThisType" />
  <action id="Unscramble" />
  <action id="UsageFiltering.Imports" />
  <action id="UsageFiltering.ReadAccess" />
  <action id="UsageFiltering.WriteAccess" />
  <action id="Vcs.ShowMessageHistory" />
  <action id="ViewSource" />
  <action id="VimPluginToggle">
    <keyboard-shortcut first-keystroke="ctrl back_quote" />
  </action>
  <action id="XDebugger.CopyWatch" />
  <action id="openAssertEqualsDiff" />
  <action id="org.intellij.plugins.markdown.ui.actions.styling.ToggleItalicAction" />
</keymap>