<application>
  <component name="AdvancedSettings">
    <option name="settings">
      <map>
        <entry key="confirm.rerun.with.termination" value="false" />
        <entry key="documentation.components.enable.code.background" value="false" />
        <entry key="documentation.components.enable.code.blocks.highlighting" value="false" />
        <entry key="floating.codeToolbar.hide" value="true" />
        <entry key="ide.ui.native.file.chooser" value="true" />
      </map>
    </option>
  </component>
</application>