<application>
  <component name="DimensionService">
    <location key="find.popup.0.0.1920.1080" x="422" y="176" />
    <size key="GridCell.Tab.0.left.0.0.1920.1080" width="1838" height="285" />
    <size key="GridCell.Tab.0.center.0.0.1920.1080" width="1838" height="285" />
    <size key="GridCell.Tab.0.right.0.0.1920.1080" width="1838" height="285" />
    <size key="GridCell.Tab.0.bottom.0.0.1920.1080" width="1838" height="285" />
    <size key="GridCell.Tab.1.left.0.0.1920.1080" width="1838" height="285" />
    <size key="GridCell.Tab.1.center.0.0.1920.1080" width="1838" height="285" />
    <size key="GridCell.Tab.1.right.0.0.1920.1080" width="1838" height="285" />
    <size key="GridCell.Tab.1.bottom.0.0.1920.1080" width="1838" height="285" />
    <size key="GridCell.Tab.2.left.0.0.1920.1080" width="1838" height="285" />
    <size key="GridCell.Tab.2.center.0.0.1920.1080" width="1838" height="285" />
    <size key="GridCell.Tab.2.right.0.0.1920.1080" width="1838" height="285" />
    <size key="GridCell.Tab.2.bottom.0.0.1920.1080" width="1838" height="285" />
    <size key="GridCell.Tab.3.left.0.0.1920.1080" width="1838" height="285" />
    <size key="GridCell.Tab.3.center.0.0.1920.1080" width="1838" height="285" />
    <size key="GridCell.Tab.3.right.0.0.1920.1080" width="1838" height="285" />
    <size key="GridCell.Tab.3.bottom.0.0.1920.1080" width="1838" height="285" />
    <size key="GridCell.Tab.4.left.0.0.1920.1080" width="1838" height="285" />
    <size key="GridCell.Tab.4.center.0.0.1920.1080" width="1838" height="285" />
    <size key="GridCell.Tab.4.right.0.0.1920.1080" width="1838" height="285" />
    <size key="GridCell.Tab.4.bottom.0.0.1920.1080" width="1838" height="285" />
    <size key="find.popup.0.0.1920.1080" width="1241" height="864" />
  </component>
  <component name="WindowManager">
    <frame x="-8" y="-8" width="1930" height="1050" extendedState="6" />
  </component>
  <component name="WindowStateApplicationService">
    <state x="537" y="261" width="891" height="518" key="APPLICATION_WIDE_STORE_#rider.projectView.actions.properties.EditPropertiesDialogSolution" timestamp="1736824944262">
      <screen x="0" y="0" width="1920" height="1040" />
    </state>
    <state x="537" y="261" width="891" height="518" key="APPLICATION_WIDE_STORE_#rider.projectView.actions.properties.EditPropertiesDialogSolution/0.0.1920.1040" timestamp="1736824944262" />
    <state width="493" height="235" key="ShowUsagesActions.dimensionServiceKey" timestamp="1736926325397">
      <screen x="0" y="0" width="1920" height="1040" />
    </state>
    <state width="493" height="235" key="ShowUsagesActions.dimensionServiceKey/0.0.1920.1040" timestamp="1736926325397" />
    <state x="960" y="455" width="800" height="650" key="WELCOME_SCREEN" timestamp="1736255902765">
      <screen x="0" y="0" width="1920" height="1040" />
    </state>
    <state x="960" y="455" width="800" height="650" key="WELCOME_SCREEN/0.0.1920.1040" timestamp="1736255902765" />
  </component>
</application>