<application>
  <component name="AceConfig">
    <option name="allowedChars" value="adefijkloqrsuwzxcvm123" />
    <option name="definitionModeColor" value="-9452033" />
    <option name="jumpEndModeColor" value="-13375606" />
    <option name="jumpModeColor" value="-1" />
    <option name="tagBackgroundColor" value="-16743783" />
    <option name="tagForegroundColor" value="-1" />
    <option name="targetModeColor" value="-18688" />
    <option name="textHighlightColor" value="-13022376" />
  </component>
</application>