<application>
  <component name="XDebuggerSettings">
    <data-views>
      <option name="valueLookupDelay" value="150" />
      <show-values-inline>false</show-values-inline>
    </data-views>
    <general />
    <debuggers>
      <debugger id="ObjectiveC">
        <configuration>
          <child-process-debugging-settings />
          <macOS-symbol-settings />
          <nt-symbol-settings />
          <option name="SHOW_FRAME_FUNCTION_TEMPLATE_ARGUMENTS" value="true" />
        </configuration>
      </debugger>
    </debuggers>
  </component>
</application>