<application>
  <component name="CodeFoldingSettings">
    <option name="COLLAPSE_IMPORTS" value="false" />
    <option name="COLLAPSE_FILE_HEADER" value="false" />
  </component>
  <component name="CodeInsightSettings">
    <option name="completionCaseSensitive" value="2" />
    <option name="selectAutopopupSuggestionsByChars" value="true" />
    <option name="AUTO_POPUP_JAVADOC_INFO" value="true" />
    <option name="COMPLETION_CASE_SENSITIVE" value="2" />
    <option name="SELECT_AUTOPOPUP_SUGGESTIONS_BY_CHARS" value="true" />
    <option name="AUTOCOMPLETE_ON_CODE_COMPLETION" value="false" />
    <option name="INSERT_BRACE_ON_ENTER" value="false" />
  </component>
  <component name="CodeVisionSettings">
    <option name="defaultPosition" value="Top" />
  </component>
  <component name="EditorSettings">
    <option name="USE_SOFT_WRAPS" value="MAIN_EDITOR" />
    <option name="SOFT_WRAP_FILE_MASKS" value="*.md; *.txt; *.rst; *.adoc; *.cpp; *.h" />
    <option name="STRIP_TRAILING_SPACES" value="None" />
    <option name="IS_CARET_BLINKING" value="false" />
    <option name="IS_WHEEL_FONTCHANGE_ENABLED" value="true" />
    <option name="IS_WHEEL_FONTCHANGE_PERSISTENT" value="true" />
  </component>
  <component name="InlineCompletionOnboarding">
    <option name="onboardingFinished" value="true" />
  </component>
  <component name="JSEditorOptions">
    <option name="AUTOMATICALLY_REPLACE_WITH_TEMPLATE_STRING_ON_TYPING" value="false" />
    <option name="ESCAPE_PASTED_TEXT" value="false" />
    <option name="CLOSE_HTML_SINGLE_TAGS" value="false" />
    <option name="CONVERT_HTML_TO_REACT" value="false" />
    <option name="ESCAPE_DOC_ON_COPY_PASTE" value="false" />
  </component>
  <component name="JsonEditorOptions">
    <option name="COMMA_ON_ENTER" value="false" />
    <option name="COMMA_ON_MATCHING_BRACES" value="false" />
    <option name="COMMA_ON_PASTE" value="false" />
    <option name="AUTO_QUOTE_PROP_NAME" value="false" />
    <option name="AUTO_WHITESPACE_AFTER_COLON" value="false" />
    <option name="ESCAPE_PASTED_TEXT" value="false" />
  </component>
  <component name="KubernetesFoldingSettings">
    <option name="COLLAPSE_HELM_VALUES" value="false" />
    <option name="COLLAPSE_ENV_VARS" value="false" />
    <option name="COLLAPSE_EXEC_ACTIONS" value="false" />
  </component>
  <component name="MarkdownCodeFoldingSettings">
    <option name="collapseFrontMatter" value="false" />
    <option name="collapseLinks" value="false" />
    <option name="collapseTableOfContents" value="false" />
  </component>
  <component name="TodoConfiguration">
    <pattern pattern="\bNotImplementedException\b" />
    <pattern icon="default" case-sensitive="true" pattern="(?&lt;=\W|^)(?&lt;TAG&gt;BUG:)(\W|$)(.*)" />
    <pattern icon="default" pattern="\b(?&lt;TAG&gt;TODO)(:.*|\s*$)" />
  </component>
  <component name="XmlFoldingSettings">
    <option name="COLLAPSE_HTML_STYLE_ATTRIBUTE" value="false" />
    <option name="COLLAPSE_ENTITIES" value="false" />
    <option name="COLLAPSE_DATA_URI" value="false" />
  </component>
</application>