<application>
  <component name="FindSettings">
    <option name="caseSensitive" value="true" />
    <option name="customScope" value="Project 'MyGame'" />
    <option name="defaultScopeName" value="Project 'MyGame'" />
    <option name="localCaseSensitive" value="true" />
    <option name="localWholeWordsOnly" value="true" />
    <option name="wholeWordsOnly" value="true" />
    <option name="CASE_SENSITIVE_SEARCH" value="true" />
    <option name="LOCAL_CASE_SENSITIVE_SEARCH" value="true" />
    <option name="WHOLE_WORDS_ONLY" value="true" />
    <option name="LOCAL_WHOLE_WORDS_ONLY" value="true" />
    <option name="SEARCH_SCOPE" value="Project 'MyGame'" />
    <mask>*.css</mask>
    <mask>*.html</mask>
    <mask>*.xml</mask>
    <mask>*.cs</mask>
  </component>
</application>