<application>
  <component name="Trusted.Paths">
    <option name="TRUSTED_PROJECT_PATHS">
      <map>
        <entry key="D:\ue\UnrealEngine" value="true" />
        <entry key="D:\ue\UnrealEngine\Samples\Lyra" value="true" />
        <entry key="D:\ue\UnrealEngine\Samples\Lyra\.idea\.idea.Lyra.dir" value="true" />
        <entry key="D:\ue\UnrealEngine\Samples\MyGame" value="true" />
        <entry key="D:\ue\UnrealEngine\Samples\MyGame\.idea\.idea.MyGame.dir" value="true" />
        <entry key="D:\ue\ue52epic\UE_5.2\Samples\MyGame" value="true" />
        <entry key="D:\ue\ue52epic\UE_5.2\Samples\MyGame\.idea\.idea.MyGame.dir" value="true" />
        <entry key="E:\uesrc\UnrealEngine\Samples\MyGame" value="true" />
        <entry key="E:\uesrc\UnrealEngine\Samples\MyGame\.idea\.idea.MyGame.dir" value="true" />
      </map>
    </option>
  </component>
</application>