<application>
  <component name="DimensionService">
    <location key="find.popup.0.0.1920.1080" x="452" y="123" />
    <size key="GridCell.Tab.0.left.0.0.1920.1080" width="1838" height="301" />
    <size key="GridCell.Tab.0.center.0.0.1920.1080" width="1838" height="301" />
    <size key="GridCell.Tab.0.right.0.0.1920.1080" width="1838" height="301" />
    <size key="GridCell.Tab.0.bottom.0.0.1920.1080" width="1838" height="301" />
    <size key="GridCell.Tab.1.left.0.0.1920.1080" width="1838" height="301" />
    <size key="GridCell.Tab.1.center.0.0.1920.1080" width="1838" height="301" />
    <size key="GridCell.Tab.1.right.0.0.1920.1080" width="1838" height="301" />
    <size key="GridCell.Tab.1.bottom.0.0.1920.1080" width="1838" height="301" />
    <size key="GridCell.Tab.2.left.0.0.1920.1080" width="1838" height="301" />
    <size key="GridCell.Tab.2.center.0.0.1920.1080" width="1838" height="301" />
    <size key="GridCell.Tab.2.right.0.0.1920.1080" width="1838" height="301" />
    <size key="GridCell.Tab.2.bottom.0.0.1920.1080" width="1838" height="301" />
    <size key="GridCell.Tab.3.left.0.0.1920.1080" width="1838" height="301" />
    <size key="GridCell.Tab.3.center.0.0.1920.1080" width="1838" height="301" />
    <size key="GridCell.Tab.3.right.0.0.1920.1080" width="1838" height="301" />
    <size key="GridCell.Tab.3.bottom.0.0.1920.1080" width="1838" height="301" />
    <size key="GridCell.Tab.4.left.0.0.1920.1080" width="1838" height="301" />
    <size key="GridCell.Tab.4.center.0.0.1920.1080" width="1838" height="301" />
    <size key="GridCell.Tab.4.right.0.0.1920.1080" width="1838" height="301" />
    <size key="GridCell.Tab.4.bottom.0.0.1920.1080" width="1838" height="301" />
    <size key="find.popup.0.0.1920.1080" width="1241" height="864" />
  </component>
  <component name="WindowManager">
    <frame x="-8" y="-8" width="350" height="150" extendedState="6" />
  </component>
  <component name="WindowStateApplicationService">
    <state width="493" height="331" key="ShowUsagesActions.dimensionServiceKey" timestamp="1735646582953">
      <screen x="0" y="0" width="1920" height="1040" />
    </state>
    <state width="493" height="331" key="ShowUsagesActions.dimensionServiceKey/0.0.1920.1040" timestamp="1735646582953" />
    <state x="960" y="455" width="800" height="650" key="WELCOME_SCREEN" timestamp="1734428812896">
      <screen x="0" y="0" width="1920" height="1040" />
    </state>
    <state x="960" y="455" width="800" height="650" key="WELCOME_SCREEN/0.0.1920.1040" timestamp="1734428812896" />
  </component>
</application>